,PSH,PSD,PSA,vencedorft
0,2.66,3.36,2.88,A
1,3.98,3.6,2.02,H
2,2.54,3.38,2.94,A
3,6.54,4.71,1.53,A
4,1.13,10.17,20.82,H
5,1.68,3.68,6.42,H
6,4.64,3.55,1.91,A
7,6.97,4.95,1.48,A
8,1.85,3.84,4.47,H
9,1.58,4.4,6.28,H
10,1.28,6.33,10.21,A
11,2.35,3.25,3.49,D
12,2.21,3.56,3.48,H
13,2.62,2.95,3.34,D
14,1.31,5.91,11.67,H
15,4.81,3.74,1.83,A
16,1.43,5.2,7.69,H
17,1.98,3.41,4.51,H
18,2.43,3.42,3.16,D
19,2.64,3.17,3.07,A
20,2.29,3.49,3.35,D
21,7,4.62,1.51,H
22,2.9,3.32,2.67,A
23,1.46,4.85,7.4,H
24,1.64,3.76,6.91,A
25,1.28,6.02,13.69,H
26,2.39,3.12,3.55,D
27,1.22,6.92,13.58,H
28,1.37,5.04,10.06,D
29,2.16,3.45,3.75,D
30,1.39,5.14,8.58,H
31,7.68,4.63,1.48,A
32,2.72,3.3,2.87,H
33,1.4,5.46,7.98,H
34,1.39,5.24,9.27,H
35,1.68,3.81,6.2,A
36,2.33,3.49,3.28,A
37,2.19,3.35,3.78,H
38,2.34,3.21,3.55,H
39,1.89,3.58,4.7,H
40,1.28,6.34,11.91,D
41,2.09,3.65,3.69,A
42,2.45,3.59,3.01,D
43,1.52,4.52,7.14,D
44,3.27,3.65,2.27,H
45,5.17,3.41,1.86,H
46,3.84,3.58,2.08,A
47,1.93,3.76,4.28,H
48,2.03,3.58,4.06,D
49,1.52,4.28,7.66,H
50,2.18,3.38,3.77,D
51,1.35,5.58,10.12,H
52,2.83,3.35,2.72,A
53,2.49,3.36,3.12,A
54,3.32,3.32,2.39,H
55,6.33,3.9,1.65,A
56,1.19,7.4,18.5,H
57,4.28,3.77,1.92,H
58,2.02,3.86,3.76,D
59,2.11,3.63,3.69,H
60,2.08,3.41,4.06,A
61,2.36,3.34,3.37,D
62,2.32,3.42,3.38,H
63,2.32,3.23,3.57,A
64,3.34,3.27,2.41,D
65,4.18,3.65,1.97,A
66,2.42,3.7,2.97,D
67,2.05,3.35,4.27,H
68,4.32,3.65,1.94,A
69,13.25,6.89,1.25,A
70,2.78,3.1,2.96,H
71,1.11,10.86,27.28,H
72,2.36,3.4,3.28,D
73,4.06,3.31,2.11,A
74,1.58,3.93,7.5,H
75,1.99,3.61,4.15,H
76,1.59,4.19,6.52,D
77,2.15,3.53,3.68,H
78,1.6,4.35,6.15,H
79,1.42,4.78,9.52,H
80,1.27,6.47,12.81,H
81,2.22,3.33,3.71,H
82,1.26,6.45,14,D
83,2.96,3.35,2.6,A
84,2.31,3.29,3.53,H
85,4.27,3.85,1.9,A
86,2.24,3.35,3.63,D
87,6.24,4.24,1.6,A
88,9.59,5.84,1.33,A
89,2.16,3.47,3.71,H
90,1.33,5.68,10.85,H
91,1.5,4.85,6.75,H
92,2.08,3.42,4.07,H
93,4.53,3.78,1.87,H
94,1.89,3.94,4.2,H
95,2.61,3.22,3.06,A
96,1.32,5.62,10.92,H
97,1.16,9.12,21.04,H
98,1.56,4.37,6.74,H
99,1.52,4.37,7.57,D
100,2.18,3.35,3.8,H
101,1.53,4.51,6.76,H
102,2.55,3.5,2.92,H
103,3.06,3.18,2.64,H
104,2.5,3.45,3.04,H
105,2.33,3.35,3.42,D
106,3.27,3.47,2.35,A
107,1.43,4.89,8.49,H
108,2.67,3.2,3,H
109,2.46,3.11,3.44,D
110,3.35,3.23,2.43,D
111,1.25,6.6,14,H
112,1.2,7.85,17.11,H
113,2.08,3.32,4.2,H
114,1.98,3.75,4.02,H
115,2.19,3.51,3.58,D
116,4.86,3.98,1.78,H
117,2.01,3.52,4.19,D
118,1.63,4.17,5.9,H
119,2.63,3.1,3.15,A
120,7.5,4.96,1.45,A
121,9.45,5.31,1.38,A
122,6.48,4.28,1.58,A
123,2.31,3.24,3.6,A
124,2.27,3.44,3.44,A
125,1.73,3.81,5.55,H
126,1.28,6.14,13.53,H
127,3.64,3.47,2.19,A
128,1.89,3.68,4.54,H
129,1.98,3.3,4.7,A
130,2.4,3.27,3.36,A
131,2.55,3.32,3.06,H
132,3.24,3.26,2.47,A
133,1.67,4.15,5.56,A
134,1.32,5.9,10.9,H
135,1.94,3.45,4.63,H
136,1.28,6.12,13,H
137,1.57,4.37,6.47,H
138,3.23,3.55,2.34,H
139,1.35,5.46,10.61,D
140,5.95,3.89,1.68,A
141,2.05,3.54,4,H
142,4.37,3.96,1.85,H
143,1.56,4.16,6.69,H
144,3.06,3.38,2.52,H
145,8.44,4.92,1.43,A
146,1.85,3.6,4.94,H
147,5.73,3.88,1.7,H
148,6.98,3.95,1.6,A
149,2.67,3.19,3.01,H
150,2.17,3.52,3.6,A
151,5.25,4.06,1.71,H
152,7.19,4.45,1.5,A
153,2.88,3.33,2.69,D
154,6.46,4.12,1.6,A
155,1.83,3.97,4.46,H
156,1.25,6.2,16.45,H
157,1.65,3.96,6.08,D
158,1.28,6.24,12.78,H
159,6.29,4.31,1.59,A
160,1.65,3.99,6.19,H
161,1.88,3.72,4.57,D
162,4.29,3.61,1.96,D
163,6.28,4.57,1.56,A
164,7.48,4.57,1.5,A
165,2.07,3.8,3.65,A
166,5.8,4.12,1.65,H
167,2.63,3.33,2.95,D
168,1.16,8.38,17.97,H
169,2.1,3.49,3.84,H
170,1.48,4.81,7.4,H
171,1.43,4.96,8.34,A
172,1.63,4.27,5.78,A
173,11.39,5.93,1.29,D
174,2.38,3.21,3.48,H
175,1.32,6.27,9.97,H
176,1.18,7.74,18.36,H
177,2.13,3.17,4.24,H
178,1.23,6.4,14.96,H
179,1.66,3.87,6.18,A
180,4.99,4.07,1.74,A
181,1.78,3.85,5.1,D
182,2.67,3.14,3.06,A
183,2.28,3.41,3.48,A
184,1.35,5.3,10.93,H
185,2.28,3.35,3.54,H
186,2.8,3.25,2.81,D
187,1.45,4.85,7.5,H
188,1.88,3.79,4.43,H
189,1.58,4.26,6.52,D
190,6.13,4.21,1.61,A
191,2,3.59,4.13,D
192,2.02,3.48,4.2,H
193,2.16,3.33,3.89,H
194,1.74,3.93,5.26,D
195,1.77,3.5,5.79,D
196,1.94,3.66,4.3,H
197,1.55,4.65,6.28,H
198,5.77,4.17,1.65,D
199,2.37,3.21,3.49,D
200,2.04,3.47,4.13,H
201,6.35,4.54,1.55,A
202,3.77,3.67,2.03,A
203,2.5,3.46,3,A
204,2.34,3.35,3.4,D
205,3.33,3.31,2.4,H
206,1.3,6.22,11.03,H
207,8.25,5.1,1.42,A
208,2.78,3.59,2.62,D
209,2.46,3.25,3.26,H
210,2.13,3.71,3.55,D
211,1.76,3.98,4.95,H
212,2.45,3.34,3.18,A
213,1.47,4.35,8.4,H
214,2.47,3.24,3.26,D
215,2.05,3.53,4.02,H
216,6.94,4.85,1.49,A
217,2.01,3.57,4.14,A
218,2.8,3.51,2.64,D
219,2.48,3.36,3.13,D
220,1.26,6.35,14.35,H
221,1.62,3.92,6.65,H
222,5.26,3.84,1.75,D
223,5.56,4.08,1.68,A
224,2.23,3.38,3.62,H
225,1.39,5.29,8.57,H
226,1.23,6.79,13.8,H
227,1.29,5.7,15,H
228,2.88,3.3,2.7,A
229,1.93,3.47,4.69,A
230,1.51,4.63,6.91,H
231,2.29,3.43,3.45,H
232,5.36,4.44,1.65,D
233,2.14,3.59,3.64,A
234,2.12,3.57,3.73,A
235,2.15,3.22,4.1,D
236,19.41,8.84,1.15,A
237,5.51,3.91,1.71,A
238,1.71,3.99,5.35,H
239,2.5,3.38,3.1,A
240,1.45,4.71,8.42,D
241,2.07,3.42,4.1,H
242,1.69,3.74,6.16,H
243,3.37,3.58,2.25,A
244,2.38,3.26,3.41,H
245,1.98,3.51,4.34,H
246,2.8,3.16,2.88,H
247,1.23,6.9,16.7,H
248,2.82,3.2,2.84,A
249,1.88,3.49,4.98,H
250,2.96,3.44,2.55,D
251,3.46,3.42,2.28,D
252,1.48,4.61,7.92,H
253,8.01,4.5,1.48,A
254,5.17,3.87,1.76,A
255,1.35,5.42,10.72,H
256,2.17,3.28,3.92,D
257,2.4,3.71,2.95,H
258,6.49,4.68,1.53,A
259,2.17,3.18,4.08,A
260,1.21,7.65,15.44,H
261,1.95,3.55,4.4,H
262,2.38,3.31,3.35,A
263,5.49,4.37,1.64,H
264,4.07,3.89,1.93,A
265,1.25,6.6,14,H
266,4.9,3.92,1.78,A
267,5.75,4.3,1.63,A
268,1.45,4.86,8.07,H
269,2.16,3.48,3.7,H
270,2.32,3.21,3.6,A
271,21.06,7.97,1.18,A
272,10.05,6.03,1.32,A
273,3.58,3.43,2.21,H
274,2.56,3.16,3.19,H
275,2.74,3.4,2.77,A
276,1.22,6.67,15.97,H
277,2.14,3.55,3.68,H
278,1.45,4.59,9,D
279,2.22,3.24,3.83,H
280,2.06,3.62,3.87,A
281,1.18,8.01,20.06,H
282,2.21,3.44,3.61,A
283,2.41,3.28,3.32,A
284,1.3,6.24,10.68,H
285,5.47,3.96,1.71,A
286,2.45,3.51,3.06,H
287,1.85,3.43,5.22,H
288,1.96,3.54,4.38,D
289,2.47,3.46,3.06,H
290,2.57,3.41,2.96,H
291,1.98,3.58,4.24,H
292,2.3,3.3,3.55,H
293,1.27,6.2,14.35,D
294,2.44,3.33,3.21,A
295,12.41,6.83,1.26,A
296,4.79,3.81,1.82,A
297,2.22,3.37,3.64,H
298,4.12,3.7,1.97,D
299,3.69,3.75,2.07,A
300,10.3,5.47,1.35,A
301,5.22,3.86,1.75,A
302,1.92,3.66,4.43,H
303,2.66,3.29,2.94,D
304,2.21,3.57,3.41,A
305,7.31,4.45,1.52,A
306,3.09,3.45,2.46,A
307,5.39,4.06,1.7,D
308,1.58,4.09,6.7,H
309,1.81,3.84,4.8,H
310,7.05,4.35,1.54,A
311,1.37,5.21,10.28,A
312,1.28,6.4,12.25,H
313,4.06,3.49,2.05,A
314,2.61,3.13,3.15,D
315,3.79,3.57,2.1,H
316,1.58,4.31,6.4,A
317,2.18,3.48,3.59,A
318,2.13,3.45,3.79,D
319,1.79,3.75,5.09,D
320,1.88,3.68,4.64,D
321,6.27,4.1,1.62,A
322,1.19,8.68,16.06,H
323,1.92,3.86,4.1,D
324,6.85,4.04,1.59,A
325,3.58,3.39,2.24,H
326,2.37,3.23,3.46,H
327,5.08,4.1,1.72,A
328,2.17,3.39,3.8,D
329,1.68,3.89,6,H
330,1.98,3.63,4.16,A
331,2.48,3.25,3.23,H
332,1.78,3.61,5.5,A
333,2.59,3.1,3.24,H
334,3.27,3.19,2.5,H
335,1.4,5.08,8.95,H
336,2.32,3.29,3.49,A
337,1.76,3.9,5.1,D
338,1.19,8,17.75,H
339,1.43,4.8,9,H
340,1.88,3.7,4.55,A
341,1.67,3.96,5.95,A
342,2.56,3.56,2.85,D
343,1.64,3.94,6.35,D
344,1.83,3.5,5.24,H
345,11.07,5.54,1.34,A
346,4.44,3.78,1.88,A
347,1.22,7.05,17.85,A
348,4.63,4.22,1.76,H
349,2.1,3.45,3.95,A
350,3.01,3.3,2.6,A
351,1.97,3.54,4.32,A
352,5.88,4.48,1.58,A
353,4.76,4.24,1.74,A
354,2.49,3.34,3.14,H
355,2.9,3.35,2.66,D
356,1.49,4.73,7.19,H
357,1.69,4.04,5.53,H
358,2.02,3.49,4.18,A
359,3.85,3.38,2.14,A
360,1.97,3.39,4.53,H
361,2.98,3.14,2.74,H
362,2.37,3.52,3.18,H
363,2.04,3.47,4.16,D
364,2.07,3.54,3.92,A
365,1.51,4.16,8.2,A
366,1.27,6.51,12.91,H
367,2.73,3.43,2.77,D
368,1.99,3.47,4.36,A
369,1.29,6.19,11.8,H
370,2.73,3.22,2.91,A
371,1.58,4.23,6.56,H
372,1.11,10.98,23.72,H
373,2.84,3.13,2.87,H
374,1.68,4.07,5.52,H
375,10.17,5.13,1.38,A
376,2.42,3.15,3.45,D
377,1.51,4.39,7.73,H
378,2.41,3.41,3.2,H
379,2.13,3.54,3.72,D
380,1.83,3.61,5.05,H
381,2.67,3.64,2.69,A
382,2.87,3.15,2.84,H
383,6.61,4.4,1.53,A
384,2.03,3.58,4.02,D
385,1.46,4.77,8,H
386,1.25,6.7,14,D
387,2.3,3.48,3.38,H
388,2.7,3.61,2.68,A
389,1.44,4.72,8.66,H
390,2.6,3.41,2.93,A
391,1.62,4.29,5.92,H
392,2.13,3.56,3.7,H
393,3.32,3.56,2.28,D
394,2.41,3.35,3.24,H
395,2.37,3.3,3.4,D
396,1.5,4.63,7.3,D
397,2.98,3.08,2.78,D
398,2.33,3.72,3.09,H
399,6.08,4.08,1.64,D
400,5.44,3.74,1.76,A
401,2.13,3.43,3.85,D
402,4.04,3.7,1.99,H
403,1.79,3.75,5.09,D
404,2.42,3.31,3.28,H
405,2.06,3.63,3.88,D
406,3.75,3.44,2.16,D
407,4.24,3.42,2.03,H
408,2.09,3.32,4.16,H
409,1.57,4.6,6,H
410,1.22,7.08,16.27,H
411,5.09,4.17,1.71,D
412,2.26,3.28,3.67,D
413,1.27,6.28,13.26,H
414,1.47,4.78,7.82,H
415,2.65,3.15,3.07,A
416,1.14,10.21,22.56,H
417,3.63,3.4,2.22,A
418,1.19,7.42,20.97,H
419,2.28,3.47,3.4,H
420,2.36,3.23,3.48,H
421,1.31,6.11,10.98,H
422,1.95,3.63,4.3,A
423,5.62,4.34,1.63,D
424,2.76,3.36,2.78,D
425,1.47,4.55,8.45,H
426,2.06,3.41,4.14,A
427,2.49,3.5,3.01,D
428,3.62,3.64,2.14,A
429,4.06,3.9,1.92,H
430,1.25,6.33,13.71,D
431,2.13,3.46,3.77,D
432,1.63,3.99,6.37,H
433,5.05,3.93,1.76,A
434,2.38,3.58,3.12,H
435,1.18,8.55,17.5,H
436,2.64,3.32,2.95,A
437,3.11,3.19,2.6,A
438,8.59,4.73,1.44,D
439,2.16,3.72,3.46,H
440,4.61,4.16,1.78,A
441,2.66,3.44,2.83,A
442,1.7,3.83,5.81,H
443,5.66,3.83,1.72,A
444,2.54,3.53,2.92,D
445,5.95,4.36,1.61,A
446,1.74,3.85,5.43,H
447,1.7,4.13,5.22,H
448,2.86,3.55,2.58,D
449,1.61,4.26,6.14,A
450,1.76,3.86,5.06,H
451,3.53,3.84,2.1,A
452,3.15,3.39,2.45,H
453,4.06,3.71,1.98,A
454,2.08,3.58,3.85,A
455,2.26,3.63,3.31,A
456,1.51,4.37,7.46,H
457,2.06,3.62,3.87,D
458,2.12,3.68,3.62,D
459,1.68,3.99,5.73,A
460,1.7,4.18,5.21,D
461,4.54,4,1.8,A
462,1.72,3.76,5.7,H
463,4.35,3.5,1.98,A
464,1.43,4.78,8.61,H
465,2.18,3.56,3.57,A
466,9.92,5.04,1.36,A
467,9.54,5,1.4,A
468,1.32,5.82,10.48,H
469,1.74,3.86,5.39,H
470,2.71,3.43,2.78,A
471,3.75,3.35,2.2,H
472,1.24,6.92,14.64,A
473,2.71,3.29,2.88,H
474,11.74,7.23,1.23,A
475,3.92,3.77,2,D
476,4.32,3.43,2.01,D
477,1.72,3.92,5.43,H
478,1.89,3.77,4.42,D
479,5.05,3.8,1.79,D
480,2.05,3.43,4.16,A
481,14.96,7.07,1.21,A
482,5.66,3.83,1.72,A
483,1.78,3.77,5.06,A
484,7.68,4.59,1.49,H
485,1.18,7.92,15.58,H
486,1.28,6.15,12.8,H
487,6.54,4.04,1.61,A
488,1.92,3.7,4.37,H
489,2.47,3.08,3.37,A
490,1.99,3.48,4.34,H
491,1.78,3.59,5.55,A
492,1.17,8.19,23.45,H
493,2.07,3.44,4.06,A
494,2.15,3.59,3.58,A
495,2.77,3.35,2.77,H
496,3.65,3.5,2.17,D
497,11.49,5.36,1.33,A
498,1.36,5.45,10,H
499,5.89,4.47,1.6,A
500,3.85,3.37,2.16,A
501,2.48,3.47,3.04,D
502,9.66,5.31,1.36,H
503,2.25,3.41,3.54,D
504,1.74,3.65,5.82,H
505,4.66,4.1,1.78,A
506,3.06,3.32,2.55,D
507,3.06,3.39,2.51,A
508,1.76,3.72,5.39,D
509,1.24,6.67,15.84,D
510,6.65,4.54,1.54,A
511,1.8,3.77,5,A
512,1.34,5.41,11,H
513,1.8,3.63,5.02,A
514,3.15,3.8,2.25,A
515,2.39,3.26,3.36,H
516,15.63,8.17,1.18,A
517,1.64,4.06,5.77,D
518,1.49,4.45,7.95,D
519,2.52,3.17,3.25,D
520,2.6,3.14,3.13,A
521,1.29,6.29,11.73,D
522,2.63,3.58,2.77,D
523,2.11,3.15,4.36,H
524,3.3,3.22,2.46,H
525,5.94,4.52,1.58,A
526,2.01,3.44,4.31,H
527,2.22,3.41,3.61,H
528,1.9,3.49,4.84,H
529,4.58,4.06,1.8,A
530,1.23,7.16,14.22,D
531,2.22,3.62,3.4,H
532,1.74,3.95,5.23,H
533,1.61,4.03,6.63,D
534,2.59,3.43,2.91,D
535,1.9,3.6,4.62,A
536,2.87,3.5,2.6,H
537,1.86,3.74,4.62,H
538,13,5.9,1.29,D
539,1.75,3.91,5.16,H
540,3.19,3.45,2.4,A
541,1.91,3.45,4.84,A
542,1.61,4.54,5.6,H
543,1.5,4.91,6.63,A
544,1.78,3.64,5.48,H
545,1.68,3.82,6.17,H
546,2.53,3.34,3.09,D
547,1.33,5.42,11.37,A
548,1.32,5.85,10.95,H
549,1.41,5.1,8.78,H
550,1.86,3.94,4.15,H
551,1.3,6.14,11.24,A
552,1.36,5.45,9.64,H
553,2.34,3.71,3.08,H
554,1.77,3.48,5.99,D
555,5.1,3.74,1.79,H
556,1.22,6.93,14.33,H
557,2.89,3.43,2.62,H
558,1.56,4.36,6.51,H
559,6.56,4.35,1.57,D
560,7.49,4.5,1.51,A
561,1.77,3.93,4.99,D
562,3.48,3.82,2.12,H
563,2.06,3.44,4.1,H
564,2.91,3.3,2.68,H
565,1.97,3.72,4.09,D
566,2.41,3.53,3.1,A
567,1.76,3.74,5.42,H
568,3.29,3.42,2.36,H
569,1.29,5.73,11.91,D
570,5.37,3.56,1.81,H
571,2.49,3.29,3.18,A
572,2.67,3.23,2.97,H
573,1.17,8.54,21.13,H
574,5.62,4.2,1.65,A
575,4.25,3.71,1.94,D
576,2.92,3.56,2.52,D
577,2.63,3.45,2.84,D
578,1.68,4.16,5.48,H
579,3.29,3.25,2.45,D
580,9.74,5.98,1.31,A
581,3.84,3.71,2.04,A
582,1.38,5.52,8.77,H
583,2,3.8,3.89,H
584,2.07,3.69,3.76,A
585,5.39,4.17,1.68,D
586,3.75,3.6,2.1,A
587,2.04,3.69,3.86,A
588,2.58,3.49,2.89,D
589,5.59,4.29,1.65,A
590,1.66,4.09,5.76,H
591,5.53,3.77,1.74,A
592,1.85,3.75,4.7,H
593,1.4,5.1,9.05,H
594,2.85,3.21,2.78,H
595,2.31,3.35,3.46,H
596,3.16,3.22,2.54,D
597,1.83,3.64,5.05,H
598,2.07,3.54,3.93,H
599,2.28,3.33,3.55,H
600,1.23,7.55,13.6,H
601,1.52,4.44,7.28,D
602,1.75,4.01,4.86,H
603,1.3,6.2,11.44,H
604,1.12,12.2,23,H
605,2.24,3.45,3.47,D
606,1.83,3.58,5.11,A
607,1.88,3.48,4.95,D
608,2.95,3.53,2.51,D
609,1.7,3.97,5.54,H
610,1.11,12.57,23.05,H
611,2.83,3.49,2.63,A
612,1.37,5.05,10.55,D
613,2.64,3.22,3.02,H
614,1.55,4.43,6.78,H
615,2.22,3.21,3.9,A
616,1.26,6.25,12.7,D
617,2.5,3.48,3.01,D
618,2.3,3.44,3.4,D
619,1.29,6.28,11.6,D
620,1.41,5.05,8.47,H
621,1.25,6.7,14,H
622,12.96,6.73,1.26,D
623,3.79,3.45,2.14,D
624,1.53,4.28,7.48,H
625,3.92,3.55,2.07,A
626,2.06,3.66,3.82,A
627,1.92,3.39,4.93,H
628,3.27,3.68,2.26,D
629,2.44,3.21,3.36,D
630,9.13,5.41,1.38,D
631,4,3.75,1.99,H
632,2.03,3.71,3.88,A
633,1.86,3.51,4.99,D
634,2.51,3.27,3.17,D
635,1.85,3.63,4.89,H
636,2.14,3.52,3.71,A
637,2.11,3.49,3.85,D
638,2.83,3.27,2.77,D
639,2.57,3.3,3.05,H
640,1.98,3.68,4.1,D
641,1.1,12.59,24.79,H
642,3.25,3.43,2.37,D
643,2.61,3.19,3.11,H
644,4.85,3.82,1.81,H
645,2.05,3.56,3.9,H
646,1.18,8.5,18,H
647,3.87,3.9,1.98,H
648,6.61,4.2,1.58,A
649,1.82,3.47,5.49,H
650,1.84,3.49,5.23,H
651,2.13,3.5,3.79,H
652,3.83,3.57,2.08,A
653,2.14,3.51,3.73,H
654,2.23,3.35,3.66,D
655,7.56,4.82,1.46,H
656,2.04,3.85,3.7,H
657,1.71,4.11,5.17,A
658,6.68,4.29,1.57,H
659,2.17,3.44,3.74,H
660,5.53,4.29,1.65,A
661,1.65,4.08,6.01,H
662,1.97,3.47,4.4,H
663,3.25,3.23,2.48,A
664,5.19,4.09,1.71,D
665,2.73,3.05,3.08,A
666,2.1,3.38,4.03,A
667,1.48,4.55,7.95,H
668,1.11,10.9,24.65,H
669,2.32,3.16,3.67,D
670,3.09,3.65,2.37,H
671,10.84,4.89,1.37,A
672,5.55,4.26,1.64,H
673,1.22,7.6,14.85,H
674,1.37,5.12,9.98,A
675,5.49,3.69,1.74,A
676,2.26,3.23,3.71,D
677,3.2,3.37,2.43,A
678,1.61,4.06,6.5,A
679,2.45,3.55,3.04,H
680,1.26,6.55,13.5,H
681,1.46,4.79,7.95,H
682,3.03,3.71,2.37,A
683,2.85,3.55,2.58,A
684,1.46,4.49,8.87,H
685,1.42,5.29,7.75,H
686,2.13,3.43,3.86,A
687,1.65,4.13,5.82,H
688,4.12,3.64,1.99,H
689,1.27,6.28,13.55,D
690,4.54,3.9,1.84,H
691,1.37,5.18,10.01,H
692,2.62,3.26,3.03,H
693,11.09,5.9,1.29,A
694,1.76,3.71,5.48,D
695,2.31,3.35,3.46,A
696,1.52,4.46,7.15,H
697,2.28,3.25,3.65,D
698,2.04,3.41,4.23,H
699,2.65,3.27,2.95,D
700,1.94,3.58,4.42,H
701,3.91,3.74,2.01,H
702,3.01,3.16,2.7,A
703,11.68,6.34,1.27,A
704,2.16,3.34,3.88,D
705,1.27,6.08,12.2,D
706,4.85,4.08,1.76,A
707,1.95,3.87,4,H
708,2.51,3.31,3.13,H
709,5.36,4.02,1.71,H
710,21.51,8.28,1.15,A
711,1.88,3.67,4.66,H
712,2.19,3.41,3.7,H
713,1.22,7.6,14.1,H
714,2.12,3.36,3.98,D
715,2.84,3.63,2.54,A
716,1.32,6.24,9.06,H
717,1.5,4.93,6.59,H
718,1.67,4.13,5.57,D
719,1.88,3.85,4.37,A
720,4.99,3.93,1.76,A
721,2.3,3.52,3.33,H
722,1.56,4.45,6.44,H
723,7.12,4.2,1.56,H
724,2.34,3.37,3.37,A
725,1.3,6,11.65,H
726,5.71,3.94,1.69,A
727,4.7,3.62,1.88,A
728,1.61,4.16,6.38,H
729,1.62,3.91,6.72,H
730,1.19,8.05,18.5,H
731,2.72,3.54,2.7,A
732,2.14,3.37,3.91,D
733,1.19,7.47,16.79,H
734,10.75,5.65,1.33,A
735,4.39,3.85,1.88,H
736,1.14,9.39,21.47,A
737,1.43,4.86,8.78,H
738,3.71,3.52,2.14,A
739,1.36,5.29,9.84,H
740,2.16,3.08,4.31,H
741,1.24,6.9,13.8,H
742,2.68,3.44,2.8,A
743,3.31,3.48,2.33,H
744,1.85,3.56,5.04,H
745,1.77,3.74,5.33,H
746,2.36,3.27,3.43,D
747,1.81,4.02,4.57,D
748,3.21,3.26,2.49,D
749,2.42,3.32,3.27,D
750,2.67,3.2,3,H
751,4.03,3.82,1.96,H
752,3.48,3.46,2.25,A
753,2.05,3.75,3.78,D
754,1.28,6.29,12.44,H
755,1.81,3.59,5.3,D
756,2.1,3.37,4.04,D
757,2.85,3.4,2.67,D
758,2.36,3.48,3.23,H
759,1.31,6.1,10.47,H
760,3.54,3.38,2.26,A
761,2.5,3.06,3.42,A
762,2.48,3.07,3.43,H
763,2.89,3.25,2.74,D
764,1.76,3.68,5.47,A
765,6.05,3.87,1.68,H
766,2.67,3.07,3.13,A
767,1.72,3.82,5.63,H
768,4,3.97,1.93,A
769,2.04,3.41,4.24,A
770,2.57,3.15,3.19,H
771,1.64,4.15,5.72,D
772,2.08,3.57,3.85,H
773,3.43,3.37,2.32,D
774,2.55,3.57,2.83,A
775,3.21,3.5,2.35,D
776,10.54,5.51,1.34,A
777,1.87,3.58,4.85,D
778,3.91,3.68,2.03,A
779,1.91,3.59,4.6,D
780,3.8,3.35,2.18,D
781,1.68,4.27,5.23,H
782,2.8,3.16,2.88,D
783,3.23,3.4,2.4,A
784,1.22,7.35,15.7,H
785,1.1,13.62,28.49,H
786,1.5,4.58,7.4,H
787,3.02,3.6,2.37,A
788,2.77,3.32,2.79,D
789,3.26,3.45,2.36,D
790,2.1,3.46,3.92,D
791,2.95,3.47,2.54,H
792,1.94,3.72,4.22,H
793,2.09,3.64,3.75,A
794,2.1,3.41,3.98,D
795,2.35,3.53,3.21,H
796,4.34,3.78,1.89,H
797,2.74,3.04,3.08,H
798,3.21,3.23,2.5,H
799,3.09,3.22,2.59,A
800,1.86,3.48,5.1,H
801,1.36,5.28,10.21,A
802,3.11,3.31,2.52,A
803,2.58,3.44,2.91,A
804,1.25,6.85,13.5,H
805,4.57,3.79,1.85,A
806,2.19,3.15,4.05,D
807,2.54,3.22,3.17,H
808,2.3,3.25,3.6,H
809,3.48,3.45,2.26,H
810,2.22,3.54,3.49,D
811,1.64,4.1,6.03,D
812,1.99,3.37,4.5,D
813,1.17,8.35,17.14,H
814,1.53,4.55,6.85,H
815,1.99,3.43,4.41,A
816,2.29,3.51,3.34,H
817,2.06,3.67,3.81,H
818,2.32,3.05,3.49,A
819,1.7,3.85,5.81,A
820,1.43,5.07,8.2,H
821,1.94,3.75,4.18,D
822,2.33,3.45,3.34,H
823,2.91,3.3,2.68,H
824,5.28,4.1,1.7,H
825,5.69,4.25,1.64,A
826,2.36,3.56,3.17,D
827,2.76,3,3.08,H
828,6,4.2,1.63,D
829,3.18,3.78,2.25,A
830,2.52,3.07,3.37,D
831,7.45,4.67,1.49,H
832,1.88,3.52,4.85,A
833,9.78,5.39,1.34,A
834,1.87,3.55,4.92,H
835,1.56,4.55,6.23,A
836,2.06,3.29,4.32,A
837,5.08,3.92,1.76,A
838,10.52,5.32,1.36,A
839,1.49,4.93,6.88,H
840,3.44,3.56,2.23,A
841,2.12,3.28,4.1,H
842,3.22,3.3,2.46,A
843,2.39,3.54,3.13,D
844,2.21,3.16,3.98,H
845,2.47,3.13,3.38,A
846,6.45,4.69,1.53,A
847,3.16,3.43,2.41,A
848,2.44,3.65,2.93,D
849,5.85,4.3,1.62,A
850,1.84,3.77,4.73,D
851,4.28,3.43,2.02,D
852,2.11,3.36,4,D
853,2.43,3.46,3.13,H
854,1.73,3.91,5.37,A
855,1.45,4.61,8.37,H
856,5.35,4,1.71,A
857,1.16,9,19.9,H
858,1.42,5.02,8.33,H
859,1.3,6.15,11.02,H
860,1.13,9.71,24.81,H
861,1.71,3.96,5.43,H
862,1.27,6.55,12.75,D
863,1.94,3.66,4.3,H
864,2.44,3.3,3.25,H
865,2.97,3.25,2.66,H
866,2.73,3.05,3.06,D
867,1.63,4.04,6.29,D
868,1.27,6.25,14.32,H
869,2.05,3.59,3.9,H
870,1.39,4.89,10.41,H
871,1.17,9.35,18,H
872,1.41,5.14,8.67,H
873,2.39,3.32,3.32,A
874,3.09,3.21,2.59,H
875,1.95,3.5,4.5,A
876,1.22,6.74,15.07,H
877,2.62,3.23,3.04,D
878,1.17,7.8,18.87,H
879,2.63,3.54,2.81,D
880,1.49,4.61,7.5,H
881,1.68,4.32,5.05,A
882,2.62,3.75,2.68,A
883,2.92,3.6,2.5,D
884,1.93,3.79,4.24,H
885,2.6,3.38,2.95,D
886,2.73,3.44,2.75,H
887,2.47,3.42,3.1,H
888,1.71,4.11,5.15,H
889,2.47,3.17,3.33,A
890,2.47,3.22,3.28,D
891,9.96,5.8,1.33,A
892,1.38,5.23,9.75,A
893,3.02,3.55,2.45,H
894,2.15,3.63,3.57,D
895,1.3,5.95,11.85,D
896,4.2,3.83,1.92,A
897,1.66,3.92,6.21,H
898,2.5,3.04,3.43,H
899,2.54,3.36,3.04,A
900,1.37,5.45,8.96,H
901,9.95,5.55,1.35,D
902,2.57,3.32,3.03,H
903,1.43,5.18,7.91,H
904,12.6,6.95,1.26,A
905,2.57,3.47,2.92,H
906,5.68,4.22,1.65,A
907,1.81,3.78,4.9,D
908,5.35,3.82,1.75,A
909,1.87,3.67,4.72,H
910,1.39,5.59,8.29,H
911,1.2,8.2,15.02,H
912,2.28,3.56,3.32,A
913,2.61,3.3,3.01,A
914,1.18,8.29,18.22,H
915,1.71,4.16,5.08,H
916,1.42,5.32,7.89,H
917,1.68,3.91,5.73,H
918,2.03,3.8,3.78,D
919,1.52,4.88,6.44,D
920,1.27,6.4,13,H
921,1.23,7.22,15.23,H
922,2.09,3.49,3.92,H
923,2.25,3.52,3.42,A
924,4.48,3.67,1.91,A
925,1.93,3.59,4.43,A
926,1.34,5.58,10.6,H
927,1.75,3.72,5.6,H
928,1.74,3.95,5.25,D
929,2.99,3.54,2.48,H
930,3.39,3.44,2.3,H
931,2.11,3.62,3.69,H
932,1.21,7.92,14.37,H
933,3.6,3.53,2.18,H
934,1.48,4.5,8.27,H
935,1.38,5.11,9.52,H
936,1.74,3.79,5.54,H
937,2,3.3,4.6,H
938,2.03,3.54,4.08,H
939,11.14,5.79,1.32,A
940,2.13,3.42,3.86,H
941,9.83,5.64,1.35,A
942,1.39,5.34,8.88,H
943,2.12,3.13,4.37,H
944,1.79,3.78,5.08,A
945,1.24,7.35,13.5,H
946,1.27,6.18,11.51,H
947,2.72,3.33,2.84,D
948,1.75,4,5.05,H
949,2.07,3.48,4,H
950,8.5,4.92,1.43,H
951,3.25,3.12,2.54,D
952,1.84,3.88,4.51,H
953,11.03,5.72,1.32,A
954,6.03,4.2,1.6,A
955,7.64,4.37,1.51,A
956,1.12,10.57,27.95,H
957,2.99,3.32,2.6,A
958,2.47,3.41,3.1,D
959,2.43,3.29,3.28,A
960,2.75,3.42,2.75,D
961,1.91,3.56,4.64,H
962,5.75,3.98,1.68,A
963,1.32,5.85,10.1,D
964,2.06,3.87,3.61,H
965,1.42,4.88,8.79,D
966,2.45,3.31,3.22,D
967,2.37,3.57,3.16,A
968,9.23,5.56,1.34,D
969,2.68,3.77,2.61,H
970,2.75,3.34,2.8,H
971,2.2,3.85,3.21,A
972,1.31,5.77,10.54,H
973,2.59,3.41,2.93,D
974,5.98,4.16,1.63,D
975,4.03,3.64,2.01,H
976,2.67,3.4,2.84,H
977,1.69,3.82,5.96,D
978,1.92,3.75,4.3,D
979,8.91,5.15,1.39,A
980,9.4,5.35,1.37,H
981,2.24,3.31,3.68,H
982,5.94,3.85,1.68,A
983,5.34,3.97,1.72,A
984,1.7,3.95,5.62,D
985,1.82,3.53,5.34,A
986,1.95,3.59,4.35,D
987,2.16,3.3,3.93,D
988,2.74,3.4,2.77,A
989,4.59,3.68,1.88,A
990,5.97,3.8,1.69,A
991,2,3.39,4.47,A
992,6.41,4.02,1.62,A
993,2.61,3.33,2.96,H
994,2.33,3.76,3.07,D
995,1.39,4.92,10.39,D
996,2.77,3.25,2.85,A
997,2.51,3.71,2.84,D
998,2.72,3.15,2.99,H
999,5.57,4.36,1.63,A
1000,2.5,3.34,3.11,A
1001,3.46,3.33,2.33,D
1002,1.23,7.23,14.43,H
1003,2.13,3.52,3.75,D
1004,1.57,4.58,6.05,D
1005,8.23,4.64,1.46,A
1006,2.52,3.35,3.08,A
1007,3.25,3.43,2.36,A
1008,3.53,3.27,2.31,A
1009,1.64,4.17,5.88,H
1010,1.61,4.28,6.11,H
1011,1.16,8.26,19.61,H
1012,2.75,3.3,2.83,D
1013,1.29,5.95,13.45,H
1014,1.89,3.56,4.71,H
1015,1.76,3.74,5.37,H
1016,2.26,3.43,3.49,A
1017,3.01,3.67,2.41,H
1018,2.21,3.23,3.89,D
1019,2.28,3.49,3.4,A
1020,1.23,7.14,14.61,H
1021,2.51,3.3,3.14,A
1022,3.57,3.41,2.24,H
1023,1.43,4.47,9.35,H
1024,1.33,5.95,9.56,H
1025,1.27,6.67,12.45,H
1026,3.06,3.34,2.54,D
1027,3.46,3.39,2.29,H
1028,7.52,5.27,1.41,D
1029,2.74,3.32,2.82,D
1030,2.41,3.56,3.08,H
1031,9.06,5.89,1.35,A
1032,4.25,4.1,1.85,D
1033,2.36,3.23,3.49,A
1034,1.12,13,19.5,H
1035,14.57,7.67,1.2,H
1036,2.28,3.2,3.71,D
1037,4.3,3.52,1.99,D
1038,11.96,5.8,1.31,H
1039,1.28,6.15,12.85,H
1040,7.27,4.41,1.52,A
1041,2.35,3.47,3.26,D
1042,6.35,4.26,1.59,A
1043,1.54,4.65,6.48,H
1044,2.67,3.32,2.9,H
1045,2.79,3.34,2.76,H
1046,2.05,3.4,4.19,D
1047,2.44,3.27,3.28,H
1048,5.14,4.11,1.72,A
1049,1.52,4.33,7.65,A
1050,10.23,5.55,1.34,A
1051,2.1,3.56,3.81,H
1052,1.76,3.88,5.1,D
1053,3.03,3.59,2.44,A
1054,1.57,4.42,6.32,H
1055,3.11,3.17,2.6,H
1056,6.72,4.39,1.55,A
1057,2.61,3.2,3.1,A
1058,5.31,4.08,1.7,A
1059,6.07,3.91,1.67,A
1060,2.2,3.3,3.8,H
1061,1.2,7.34,15.64,H
1062,5.69,4.05,1.67,D
1063,3.07,3.75,2.34,H
1064,1.53,4.47,6.58,H
1065,2.9,3.48,2.58,D
1066,5.86,4.03,1.66,H
1067,1.96,3.72,4.09,H
1068,4.34,3.82,1.89,A
1069,4.94,4.01,1.76,A
1070,1.5,4.62,7.46,D
1071,2.01,3.27,4.53,A
1072,2.43,3.4,3.18,A
1073,1.68,4.14,5.41,D
1074,5.5,4.19,1.66,H
1075,4.89,4.02,1.76,D
1076,1.67,4.09,5.7,H
1077,2.44,3.42,3.14,A
1078,7.58,4.55,1.5,A
1079,1.6,3.94,6.98,D
1080,1.93,3.51,4.62,D
1081,2.81,3.48,2.65,H
1082,1.31,5.88,11.27,D
1083,1.35,5.52,10.26,H
1084,3.01,3.56,2.46,H
1085,1.22,7.4,14.5,H
1086,4.65,3.88,1.83,D
1087,2.74,3.33,2.82,D
1088,2.61,3.36,2.93,A
1089,1.68,4.12,5.46,H
1090,1.46,4.58,8.54,D
1091,2.43,3.47,3.13,H
1092,2.61,3.33,2.97,D
1093,2.64,3.27,2.98,A
1094,1.97,3.46,4.46,H
1095,1.36,5.4,9.82,H
1096,2.63,3.33,2.94,D
1097,2.08,3.44,4.03,H
1098,3.01,3.33,2.58,A
1099,6.49,4.66,1.53,A
1100,1.7,3.91,5.68,H
1101,1.27,6.3,13.45,D
1102,6.46,4.79,1.52,D
1103,1.52,4.68,6.82,D
1104,8.36,4.68,1.46,A
1105,1.24,6.82,15.4,D
1106,5.77,4.13,1.65,A
1107,1.96,3.41,4.61,H
1108,1.44,4.74,8.6,H
1109,4.55,3.97,1.83,A
1110,4.51,3.5,1.95,A
1111,3.55,3.45,2.23,H
1112,4.52,3.87,1.85,D
1113,2.93,3.16,2.77,A
1114,2.24,3.5,3.47,D
1115,2.1,3.52,3.85,H
1116,1.27,6.8,11.75,H
1117,2.27,3.35,3.56,H
1118,5.74,4.29,1.63,D
1119,2.9,3.37,2.65,A
1120,5.96,3.98,1.67,D
1121,2.24,3.28,3.71,A
1122,1.22,6.9,18.5,D
1123,1.26,6.35,14.88,H
1124,3.84,3.37,2.17,A
1125,4.27,3.87,1.89,A
1126,2.07,3.53,3.93,H
1127,1.69,3.92,5.77,A
1128,1.95,3.65,4.29,D
1129,2.63,3.73,2.7,H
1130,2.47,3.32,3.19,A
1131,2.31,3.2,3.65,A
1132,2.52,3.35,3.08,A
1133,2.89,3.29,2.7,H
1134,2.23,3.44,3.58,H
1135,3.06,3.51,2.45,D
1136,7.57,4.45,1.51,D
1137,2.36,3.26,3.44,A
1138,2.33,3.38,3.39,H
1139,4.48,3.74,1.88,A
1140,1.22,7.01,13.26,H
1141,5.94,4.55,1.58,A
1142,1.58,4.33,6.3,H
1143,5.72,4.41,1.61,D
1144,1.6,4.35,6.07,H
1145,3.22,3.82,2.23,D
1146,1.91,3.72,4.29,A
1147,21.02,9.55,1.13,A
1148,1.11,10.68,28.68,H
1149,2.15,3.33,3.89,H
1150,2.07,3.45,4.04,D
1151,2.68,3.17,3.01,D
1152,2.05,3.31,4.33,H
1153,1.27,5.71,15.03,H
1154,1.44,4.83,7.62,D
1155,1.59,4.04,6.93,D
1156,2.33,3.38,3.39,D
1157,1.86,3.75,4.61,A
1158,1.2,7.85,15.95,H
1159,1.47,4.5,8.45,A
1160,1.96,3.42,4.58,H
1161,3.08,3.11,2.68,A
1162,1.8,3.57,5.4,H
1163,2.07,3.48,4,H
1164,2.03,3.53,4.1,H
1165,2.95,3.75,2.42,A
1166,5.69,4.24,1.63,A
1167,4.8,3.59,1.88,H
1168,1.34,5.58,9.02,H
1169,5.33,3.97,1.72,A
1170,1.78,3.81,5.09,H
1171,2.34,3.1,3.68,D
1172,2.33,3.41,3.35,A
1173,2.39,3.43,3.24,D
1174,2.42,3.53,3.08,D
1175,2.27,3.29,3.65,D
1176,3.53,3.85,2.1,H
1177,3.94,3.55,2.07,A
1178,4.75,3.93,1.8,A
1179,1.19,7.9,19,H
1180,5.72,4.14,1.66,D
1181,1.39,5.4,8.32,H
1182,1.25,6.45,14.75,H
1183,1.26,6.45,14,H
1184,1.27,6.45,12.78,A
1185,1.89,3.63,4.58,H
1186,1.14,9.66,23.8,H
1187,1.78,3.63,5.49,A
1188,2.26,3.26,3.68,H
1189,1.27,6.65,12.35,H
1190,1.73,3.97,5.25,H
1191,3.51,3.5,2.23,A
1192,1.45,4.83,8.14,H
1193,3.16,3.35,2.46,A
1194,1.56,4.41,6.57,H
1195,1.81,3.97,4.65,D
1196,1.22,7.35,15,H
1197,1.85,3.82,4.6,H
1198,4.73,3.83,1.83,A
1199,2.78,3.25,2.85,H
1200,8.35,4.6,1.46,A
1201,2.92,3.33,2.66,H
1202,2.81,3.2,2.84,H
1203,1.71,3.88,5.57,H
1204,1.95,3.65,4.27,A
1205,2.13,3.36,3.95,H
1206,2.51,3.46,3.02,H
1207,2.04,3.51,4.07,H
1208,2.1,3.56,3.8,H
1209,1.25,6.8,13.55,H
1210,12.46,6.58,1.25,A
1211,8.15,4.93,1.44,D
1212,2.5,2.99,3.5,H
1213,2.64,3.32,2.93,A
1214,1.7,3.82,5.82,H
1215,3.76,3.32,2.22,H
1216,4.34,3.81,1.87,A
1217,2.88,3.31,2.69,D
1218,6.25,3.93,1.65,A
1219,2.39,3.38,3.25,D
1220,1.39,5.15,9.62,D
1221,4.44,3.69,1.91,A
1222,1.72,3.87,5.53,H
1223,1.3,5.9,12,A
1224,2.95,3.42,2.59,H
1225,1.74,4,5.14,H
1226,1.09,13.5,26,D
1227,5.75,4.16,1.65,A
1228,1.1,12.39,32.7,H
1229,2.62,3.44,2.88,H
1230,2.42,3.23,3.35,H
1231,5.87,4.3,1.6,A
1232,2.34,3.42,3.33,H
1233,2.33,3.27,3.51,A
1234,1.34,5.25,12.05,H
1235,1.98,3.43,4.47,D
1236,2.57,3.33,3.03,A
1237,2.9,3.19,2.76,H
1238,4.54,4.16,1.79,H
1239,2.08,3.56,3.87,H
1240,2.95,3.23,2.69,A
1241,1.24,6.95,15,H
1242,1.68,3.84,6.17,H
1243,3.09,3.6,2.39,A
1244,3.92,3.54,2.07,A
1245,3.96,3.5,2.08,H
1246,1.5,4.3,8.06,D
1247,1.34,5.69,9.9,H
1248,1.83,3.76,4.84,A
1249,3.54,3.41,2.26,H
1250,1.71,3.73,5.95,H
1251,2.23,3.53,3.48,H
1252,8.06,5.11,1.42,A
1253,2.94,3.2,2.72,A
1254,1.54,4.25,7.45,H
1255,1.92,3.65,4.44,H
1256,1.95,3.5,4.47,A
1257,1.33,5.56,11.31,H
1258,2.5,3.62,2.92,H
1259,1.36,5.35,10.1,D
1260,6.15,4.05,1.64,H
1261,1.6,4.41,5.73,H
1262,2.6,3.09,3.2,D
1263,1.16,9,21.8,H
1264,1.45,4.79,8.05,H
1265,1.25,7,13,H
1266,3.25,3.3,2.45,D
1267,1.29,6.44,10.31,H
1268,1.56,4.31,6.77,A
1269,9.65,5.15,1.38,A
1270,2.23,3.28,3.74,A
1271,1.18,8.7,16.95,H
1272,2.46,3.47,3.06,H
1273,2.31,3.2,3.64,D
1274,1.38,5.43,8.97,H
1275,1.65,4.09,5.9,H
1276,3.3,3.18,2.48,D
1277,11.73,5.12,1.35,H
1278,4.4,3.71,1.91,D
1279,1.61,4.21,6.12,D
1280,6.83,4.28,1.56,A
1281,3.13,3.46,2.43,D
1282,3.58,3.42,2.23,A
1283,2.43,3.22,3.33,H
1284,2.66,3.39,2.85,D
1285,1.39,5.32,9,A
1286,3.16,3.28,2.51,H
1287,2.1,3.64,3.64,D
1288,1.57,4.2,6.8,H
1289,2.99,3.21,2.65,A
1290,1.46,4.54,8.56,H
1291,2.69,3.02,3.15,H
1292,1.25,6.8,13.6,D
1293,2.09,3.37,4.08,H
1294,5.75,4.35,1.62,H
1295,3.7,3.65,2.1,A
1296,2.01,3.65,4.02,A
1297,1.75,3.95,5.09,A
1298,1.47,4.67,7.45,H
1299,1.88,4.14,3.95,H
1300,1.15,8.79,19.09,H
1301,4.14,3.55,2.01,H
1302,7.34,5.09,1.45,A
1303,2.09,3.41,4.03,D
1304,2.89,3.48,2.59,D
1305,2.16,3.04,4.33,D
1306,3.9,3.77,2.01,D
1307,9.86,5.82,1.34,A
1308,1.38,5.29,9.21,H
1309,3.73,3.48,2.15,A
1310,1.99,3.62,4.14,D
1311,1.99,3.38,4.5,D
1312,1.15,10,18.5,H
1313,2.08,3.56,3.87,D
1314,1.44,5.17,7.4,A
1315,1.84,3.65,4.93,H
1316,4.11,3.57,2.01,H
1317,1.19,7.77,20.17,D
1318,5.49,3.59,1.79,A
1319,6.65,4.81,1.51,A
1320,1.65,3.98,5.9,H
1321,1.24,6.55,13.11,D
1322,3.13,3.36,2.49,A
1323,10.81,6.35,1.3,A
1324,2.08,3.45,3.85,D
1325,1.14,10.39,23.1,H
1326,1.2,7.42,18.51,H
1327,2.63,3.13,3.14,A
1328,3.96,3.51,2.07,H
1329,2.23,3.42,3.57,H
1330,12.01,5.33,1.33,A
1331,2.65,3.19,3.03,H
1332,1.21,7.08,14.67,H
1333,1.96,3.49,4.47,H
1334,1.71,4.04,5.35,H
1335,1.43,4.7,9.06,D
1336,2.33,3.24,3.53,D
1337,3.11,3.59,2.38,H
1338,3.71,3.5,2.15,A
1339,4.75,3.69,1.85,D
1340,5.52,3.81,1.73,H
1341,6.46,4.09,1.61,A
1342,1.74,4,5.12,D
1343,1.9,3.63,4.48,H
1344,1.98,3.6,4.21,A
1345,4.01,3.45,2.08,D
1346,1.29,5.63,12.65,H
1347,3.05,3.13,2.69,H
1348,1.27,6.35,13.25,H
1349,2.41,3.39,3.22,H
1350,1.31,5.75,12,A
1351,10.95,5.55,1.34,A
1352,2.86,3.31,2.71,A
1353,1.21,7.25,17.45,H
1354,1.28,6.26,12.86,H
1355,5.14,4.18,1.7,D
1356,1.68,3.94,5.81,D
1357,3.75,3.9,2.01,H
1358,5.34,4.05,1.71,A
1359,2.68,3.45,2.82,H
1360,5.75,4.27,1.63,H
1361,4.56,4.26,1.76,D
1362,1.91,3.98,4.07,H
1363,2.33,3.38,3.39,H
1364,1.85,3.67,4.84,A
1365,1.3,6.3,10.73,H
1366,3.42,3.37,2.32,H
1367,1.58,4.07,7.01,H
1368,3.39,3.53,2.27,H
1369,2.22,3.54,3.48,D
1370,1.43,4.82,8.67,H
1371,2.48,3.45,3.06,D
1372,1.55,4.37,6.88,H
1373,1.25,7.15,12.89,H
1374,1.23,7.25,14.75,D
1375,1.22,7.55,14,A
1376,1.37,5.26,10.17,A
1377,3.34,3.62,2.25,H
1378,5.47,3.91,1.72,A
1379,5.49,4.06,1.68,A
1380,1.59,4.03,7,D
1381,1.98,3.6,4.21,A
1382,1.2,7.88,17.01,D
1383,3.13,3.49,2.42,H
1384,1.84,3.7,4.86,H
1385,1.74,3.79,5.55,H
1386,10.45,5.72,1.33,A
1387,5.95,3.93,1.68,A
1388,1.27,6.13,11.66,H
1389,2.6,3.38,2.94,H
1390,4.14,3.38,2.07,A
1391,2.34,3.39,3.37,D
1392,2.76,3.33,2.8,D
1393,1.98,3.54,4.3,H
1394,1.93,3.66,4.33,H
1395,2.48,3.49,2.92,D
1396,3.08,3.36,2.5,A
1397,2.37,3.07,3.66,H
1398,2.54,3.36,3.05,D
1399,6.02,4.13,1.63,A
1400,3.22,3.18,2.53,D
1401,6.35,4.09,1.62,A
1402,2.07,3.67,3.79,D
1403,2.11,3.47,3.89,H
1404,2.51,3.18,3.25,D
1405,1.32,5.51,12.56,H
1406,2,3.51,4.25,H
1407,2.58,3.44,2.93,H
1408,1.23,7,15.54,H
1409,1.36,5.52,9.56,D
1410,2.33,3.13,3.69,D
1411,1.67,4.13,5.61,H
1412,3.94,3.5,2.08,A
1413,4.63,4.01,1.8,H
1414,1.08,13.99,30.97,H
1415,1.76,4,4.91,H
1416,1.34,5.6,10.4,H
1417,2.83,3.31,2.74,A
1418,2.02,3.3,4.51,H
1419,5.96,4.22,1.61,H
1420,2.24,3.35,3.66,A
1421,1.78,3.71,5.32,A
1422,1.76,4.05,4.82,H
1423,2.03,3.4,4.28,D
1424,1.3,6.3,10.91,H
1425,2.63,3.26,3,D
1426,2.41,3.29,3.32,A
1427,2.01,3.67,3.99,A
1428,6.31,4.28,1.59,A
1429,1.71,3.89,5.62,D
1430,1.16,8.65,21,H
1431,1.19,7.45,16.08,H
1432,1.26,6.3,15.25,A
1433,1.19,7.8,17,H
1434,1.49,4.7,7.29,A
1435,12.1,6.52,1.27,D
1436,1.64,4.1,6.03,H
1437,3.85,3.79,2.01,D
1438,2.48,3.54,2.99,D
1439,2.72,3.14,2.9,H
1440,1.54,4.33,7.19,H
1441,1.57,4.23,6.75,D
1442,3.09,3.31,2.53,A
1443,1.27,6.48,13.15,H
1444,1.76,3.72,5.48,H
1445,2.76,3.41,2.73,H
1446,4.64,4.01,1.79,H
1447,6.1,3.96,1.66,A
1448,2.69,3.52,2.75,D
1449,7.5,4.73,1.48,A
1450,2.8,3.23,2.83,D
1451,2.22,3.27,3.78,D
1452,4.43,3.55,1.95,H
1453,1.29,5.66,11.94,H
1454,2.38,3.16,3.52,D
1455,1.89,3.57,4.69,H
1456,1.29,6.26,11.64,H
1457,2.2,3.22,3.91,D
1458,2.58,3.24,3.08,H
1459,5.45,3.91,1.72,D
1460,2.78,3.01,3.04,H
1461,3.97,3.62,2.03,H
1462,2.36,3.51,3.17,H
1463,1.07,14.96,42.94,H
1464,1.32,5.69,11.8,H
1465,1.94,3.49,4.56,H
1466,13.5,6.85,1.25,A
1467,2.72,3.56,2.69,D
1468,2.15,3.51,3.7,H
1469,2.84,3.36,2.7,A
1470,1.4,5.31,8.45,D
1471,3.98,3.49,2.07,A
1472,1.57,4.35,6.47,H
1473,2.43,3.44,3.15,A
1474,1.21,7.65,16,H
1475,2.58,3.49,2.89,D
1476,2.21,3.38,3.67,H
1477,1.73,3.84,5.5,D
1478,3.07,3.28,2.57,A
1479,2.68,3.04,3.14,D
1480,5,4.33,1.69,A
1481,3.24,3.54,2.33,D
1482,3.16,3.63,2.35,D
1483,7.09,4.66,1.51,A
1484,1.24,7.02,14.56,H
1485,2.59,3.35,2.98,D
1486,2.11,3.35,4.03,H
1487,2.11,3.44,3.93,H
1488,1.3,6.6,10.25,H
1489,3.47,3.41,2.28,D
1490,1.43,5.04,8.05,H
1491,7.42,4.43,1.52,D
1492,1.43,4.72,8.49,D
1493,4.89,3.59,1.86,A
1494,6.63,4.24,1.58,A
1495,1.35,5.48,10.2,H
1496,2.07,3.7,3.75,A
1497,1.42,5.17,7.89,D
1498,1.75,4.33,4.58,H
1499,15.5,8.24,1.2,A
1500,1.1,11.96,32.7,H
1501,4.34,3.7,1.93,A
1502,2.35,3.18,3.6,D
1503,1.87,3.65,4.72,D
1504,6.29,4.44,1.57,D
1505,1.95,3.45,4.53,H
1506,2.29,3.66,3.22,H
1507,3.2,3.25,2.5,H
1508,2.64,3.5,2.81,H
1509,2.84,3.58,2.57,D
1510,3.15,3.56,2.37,H
1511,1.78,3.62,5.55,H
1512,2.06,3.5,4.04,H
1513,4.02,3.46,2.08,D
